Argonaut US Core & ONC Standardized API Criterion Track ,https://confluence.hl7.org/pages/viewpage.action?pageId=120095530
Argonaut Write Track ,https://confluence.hl7.org/display/FHIR/2021-09+Argonaut+Write+Track
Bulk Data ,https://confluence.hl7.org/display/FHIR/2021-09+Bulk+Data
Clinical Reasoning ,https://confluence.hl7.org/display/FHIR/2021-09+Clinical+Reasoning
CARIN Consumer-Facing Real-Time Pharmacy Benefit Check (RTPBC) Track ,https://confluence.hl7.org/display/FHIR/2021-09+CARIN+Consumer-Facing+Real-Time+Pharmacy+Benefit+Check+%28RTPBC%29+Track
CARIN IG For Blue Button® Track ,https://confluence.hl7.org/pages/viewpage.action?pageId=118981661
CARIN IG For Digital Insurance Card Track ,https://confluence.hl7.org/display/FHIR/2021-09+CARIN+IG+For+Digital+Insurance+Card+Track
CDS Hooks ,https://confluence.hl7.org/display/FHIR/2021-09+CDS+Hooks
Consent Management Decision Enforcement Services and Computable Consent ,https://confluence.hl7.org/display/FHIR/2021-09+Consent+Management%2C+Decision%2C+Enforcement+Services%2C+and+Computable+Consent
Data Segmentation for Privacy (DS4P) and Security Labeling ,https://confluence.hl7.org/display/FHIR/2021-09+Data+Segmentation+for+Privacy+%28DS4P%29+and+Security+Labeling
Da Vinci DEQM and Gaps in Care ,https://confluence.hl7.org/display/FHIR/2021-09+Da+Vinci+DEQM+and+Gaps+in+Care
Da Vinci Risk Adjustment ,https://confluence.hl7.org/display/FHIR/2021-09+Da+Vinci+Risk+Adjustment
Da Vinci Member Attribution Track ,https://confluence.hl7.org/display/FHIR/2021-09+Da+Vinci+Member+Attribution+Track
Da Vinci Payer Data Exchange (STU2) ,https://confluence.hl7.org/display/FHIR/2021-09+Da+Vinci+Payer+Data+Exchange+Formulary+and+Plan-Net+V1+and+V2
Da Vinci Payer Data Exchange Track for CMS Patient Access API ,https://confluence.hl7.org/pages/viewpage.action?pageId=120095452
Da Vinci Clinical Document Exchange (CDex) ,https://confluence.hl7.org/pages/viewpage.action?pageId=120750351
Da Vinci Provider Access and Burden Reduction ,https://confluence.hl7.org/display/FHIR/2021-09+Da+Vinci+Provider+Access+and+Burden+Reduction
eCR/MedMorph Track ,https://confluence.hl7.org/pages/viewpage.action?pageId=118981411
Evidence Based Medicine (COVID-19 Knowledge Accelerator) ,https://confluence.hl7.org/pages/viewpage.action?pageId=118981928
FHIRcast ,https://confluence.hl7.org/display/FHIR/2021-09+FHIRcast
Gravity SDOH Exchange ,https://confluence.hl7.org/display/FHIR/2021-09+Gravity+SDOH+Exchange
Imaging Track ,https://confluence.hl7.org/display/FHIR/2021-09+Imaging+Track
Integrating eLTSS among Health and Human Services Providers,https://confluence.hl7.org/display/FHIR/2021-09+Integrating+eLTSS+among+Health+and+Human+Services+Providers
International Patient Summary (IPS) ,https://confluence.hl7.org/pages/viewpage.action?pageId=120750114
Medicolegal Death Investigation/Vital Records Death Reporting Track ,https://confluence.hl7.org/pages/viewpage.action?pageId=120094885
ONC FAST - Hybrid/Intermediary Exchange ,https://confluence.hl7.org/pages/viewpage.action?pageId=118982002
ONC FAST - National Directory US Realm ,https://confluence.hl7.org/display/FHIR/2021-09+ONC+FAST+-+National+Directory+US+Realm
ONC FAST Security ,https://confluence.hl7.org/pages/viewpage.action?pageId=120094899
PACIO Advance Directive Interoperability ,https://confluence.hl7.org/display/FHIR/2021-09+PACIO+Advance+Directive+Interoperability
Patient Request for Corrections ,https://confluence.hl7.org/display/FHIR/2021-09+Patient+Request+for+Corrections
Patient Track,https://confluence.hl7.org/display/FHIR/2021-09+Patient+Track
Post Acute Orders (PAO) ,https://confluence.hl7.org/pages/viewpage.action?pageId=120095701
Situation Awareness for Novel Epidemic Response Track ,https://confluence.hl7.org/display/FHIR/2021-09+Situation+Awareness+for+Novel+Epidemic+Response+Track
SMART App Launch v2 ,https://confluence.hl7.org/display/FHIR/2021-09+SMART+App+Launch+v2
SMART Health Cards for Vaccination and Testing ,https://confluence.hl7.org/display/FHIR/2021-09+SMART+Health+Cards+for+Vaccination+and+Testing
Subscriptions ,https://confluence.hl7.org/display/FHIR/2021-09+Subscriptions
Questionnaire ,https://confluence.hl7.org/display/FHIR/2021-09+Questionnaire
Terminology Services ,https://confluence.hl7.org/display/FHIR/2021-09+Terminology+Services
TestScript and FHIR Testing ,https://confluence.hl7.org/display/FHIR/2021-09+TestScript+and+FHIR+Testing
Vulcan - Real World Data (RWD) Submission to FDA ,https://confluence.hl7.org/display/FHIR/2021-09+Vulcan+-+Real+World+Data+%28RWD%29+Submission+to+FDA
Vulcan - Schedule of Activities ,https://confluence.hl7.org/display/FHIR/2021-09+Vulcan+-+Schedule+of+Activities
Vulcan/Gravitate Health - Electronic Product ,https://confluence.hl7.org/pages/viewpage.action?pageId=120095544